{"cameraMode":{"drawMode":0,"name":"Shaded","section":"Shading Mode"},"sceneLighting":false,"audioPlay":false,"sceneViewState":{"m_AlwaysRefresh":false,"showFog":true,"showSkybox":false,"showFlares":true,"showImageEffects":true,"showParticleSystems":true,"showVisualEffectGraphs":true,"m_FxEnabled":true},"in2DMode":false,"pivot":{"x":-0.33871784806251528,"y":-26.57112693786621,"z":35.203651428222659},"rotation":{"x":-0.2365451157093048,"y":0.002038003643974662,"z":-0.0004964460385963321,"w":-0.9716154932975769},"size":41.21038055419922,"orthographic":false}