{"cameraMode":{"drawMode":0,"name":"Shaded","section":"Shading Mode"},"sceneLighting":true,"audioPlay":false,"sceneViewState":{"m_AlwaysRefresh":false,"showFog":true,"showSkybox":true,"showFlares":true,"showImageEffects":true,"showParticleSystems":true,"showVisualEffectGraphs":true,"m_FxEnabled":true},"in2DMode":false,"pivot":{"x":0.005881905555725098,"y":1.0040242671966553,"z":-44.45343780517578},"rotation":{"x":-0.10684860497713089,"y":0.22088733315467835,"z":-0.024353912100195886,"w":-0.9691195487976074},"size":1.1990927457809449,"orthographic":false}